{
	"bluesphere_sonic_0x01":  { "File": "bluesphere_sonic.bmp", "Rect": "0,8,32,40", "Center": "16,35" },
	"bluesphere_sonic_0x02":  { "File": "bluesphere_sonic.bmp", "Rect": "32,4,32,48", "Center": "16,43" },
	"bluesphere_sonic_0x03":  { "File": "bluesphere_sonic.bmp", "Rect": "64,0,32,56", "Center": "14,45" },
	"bluesphere_sonic_0x04":  { "File": "bluesphere_sonic.bmp", "Rect": "96,0,32,56", "Center": "15,45" },
	"bluesphere_sonic_0x05":  { "File": "bluesphere_sonic.bmp", "Rect": "128,0,32,56", "Center": "16,45" },
	"bluesphere_sonic_0x06":  { "File": "bluesphere_sonic.bmp", "Rect": "160,0,32,56", "Center": "19,44" },
	"bluesphere_sonic_0x07":  { "File": "bluesphere_sonic.bmp", "Rect": "192,0,32,56", "Center": "18,45" },
	"bluesphere_sonic_0x08":  { "File": "bluesphere_sonic.bmp", "Rect": "224,0,32,56", "Center": "16,45" },
	"bluesphere_sonic_0x09":  { "File": "bluesphere_sonic.bmp", "Rect": "256,12,32,32", "Center": "16,38" },
	"bluesphere_sonic_0x0a":  { "File": "bluesphere_sonic.bmp", "Rect": "288,12,32,32", "Center": "16,38" },
	"bluesphere_sonic_0x0b":  { "File": "bluesphere_sonic.bmp", "Rect": "320,12,32,32", "Center": "16,38" }
}