{
	"signs_0x00": { "File": "goalplates.bmp", "Rect": "0,0,48,32", "Center": "24,16" },
	"signs_0x01": { "File": "goalplates.bmp", "Rect": "48,0,48,32", "Center": "24,16" },
	"signs_0x02": { "File": "goalplates.bmp", "Rect": "96,0,48,32", "Center": "24,16" },
	"signs_0x03": { "File": "goalplates.bmp", "Rect": "144,0,48,32", "Center": "24,16" },
	"signs_0x04": { "File": "goalplates.bmp", "Rect": "200,0,32,32", "Center": "16,16" },
	"signs_0x05": { "File": "goalplates.bmp", "Rect": "260,0,8,32", "Center": "4,16" },
	"signs_0x06": { "File": "goalplates.bmp", "Rect": "296,0,32,32", "Center": "16,16" }
}
