{
	"Metadata":
	{
		"Name": "Modern RedHotSonic",
		"Author": "Originally by Hortinus & MotorRoach",		 
		"Description": "1, sorry Hortinus & MotorRoach. And 2, Blacky the Hedgehog, Get banned and don't steal mods again.",
		"ModVersion": "Version 1.1",
		"GameVersion": "20.07.24.0"
	},
		
	"Settings":
	{
		"Settings":
		[
			{
				"InternalName": "Palette",
				"DisplayName": "Palette",
				"Variable": "GodSonPalette",
				"DefaultValue": "0x0",
				"Options":
				{
					"0x0": "RHS",
					"0x1": "Sonic Adventure 'Blue'",
					"0x2": "Sonic Forces 'Black'"
				}
			}
		]
	} 
}
