{
	// Extra life jingle
	//  -> First ID is S&K version, second is S3 version
	"2A": { "File": "1up.ogg", "Type": "Jingle" },
	"2A_sonic3": { "File": "1up.ogg", "Type": "Jingle" },
	
	
	// Invincibility theme
	//  -> First ID is S&K version, second is S3 version
	"2C": { "File": "Invincible.ogg", "Type": "Music",  "LoopStart": "367314"  },
	"2C_fast": { "File": "Invincible.ogg", "Type": "Music",  "LoopStart": "367314"   },
	"2C_sonic3": { "File": "Invincible.ogg", "Type": "Music",  "LoopStart": "367314"   },
	"2C_sonic3_fast": { "File": "Invincible.ogg", "Type": "Music",  "LoopStart": "367314"   },
}